komoditas,kebutuhan,ketersediaan,neraca,minggu_ke,bulan,tahun,status
2,803.42,130,526,1,4,2022,1
8,0.37,669,755,1,4,2022,1
0,23.36,672,41,1,4,2022,0
1,9.73,490,104,1,4,2022,0
3,2.28,267,325,1,4,2022,1
4,15.54,103,82,1,4,2022,0
6,3.84,785,657,1,4,2022,1
5,58.01,277,278,1,4,2022,1
10,48.44,75,689,1,4,2022,1
7,22.0,330,17,1,4,2022,0
9,90.33,515,105,1,4,2022,0
2,803.42,129,525,2,4,2022,1
8,0.37,665,748,2,4,2022,1
0,23.36,672,41,2,4,2022,0
1,9.73,491,103,2,4,2022,0
3,2.28,270,331,2,4,2022,1
4,15.54,101,83,2,4,2022,0
6,3.84,27,697,2,4,2022,1
5,58.01,260,273,2,4,2022,1
10,48.44,71,688,2,4,2022,1
7,22.0,332,15,2,4,2022,0
9,90.33,806,390,2,4,2022,0
2,803.42,128,524,3,4,2022,1
8,0.37,664,744,3,4,2022,1
0,23.36,701,40,3,4,2022,0
1,9.73,490,104,3,4,2022,0
3,2.28,276,339,3,4,2022,1
4,15.54,110,80,3,4,2022,0
6,3.84,27,697,3,4,2022,1
5,58.01,259,272,3,4,2022,1
10,48.44,117,717,3,4,2022,1
7,22.0,343,6,3,4,2022,0
9,90.33,806,390,3,4,2022,1
2,803.42,127,523,4,4,2022,1
8,0.37,781,811,4,4,2022,1
0,23.36,634,48,4,4,2022,0
1,9.73,494,100,4,4,2022,0
3,2.28,658,587,4,4,2022,1
4,15.54,136,65,4,4,2022,0
6,3.84,244,300,4,4,2022,1
5,58.01,55,609,4,4,2022,1
10,48.44,563,85,4,4,2022,0
7,22.0,333,13,4,4,2022,0
9,90.33,337,121,4,4,2022,0
2,803.42,126,522,5,4,2022,1
8,0.37,667,752,5,4,2022,1
0,23.36,630,50,5,4,2022,0
1,9.73,486,112,5,4,2022,0
3,2.28,661,626,5,4,2022,1
4,15.54,141,63,5,4,2022,0
6,3.84,251,305,5,4,2022,1
5,58.01,819,607,5,4,2022,1
10,48.44,565,3,5,4,2022,0
7,22.0,335,11,5,4,2022,0
9,90.33,510,108,5,4,2022,0
2,803.42,680,734,1,3,2022,1
8,0.37,138,293,1,3,2022,1
0,23.36,509,760,1,3,2022,1
1,9.73,577,77,1,3,2022,0
3,2.28,179,290,1,3,2022,1
4,15.54,273,357,1,3,2022,0
6,3.84,341,345,1,3,2022,1
5,58.01,257,246,1,3,2022,1
10,48.44,585,481,1,3,2022,1
7,22.0,518,307,1,3,2022,1
9,90.33,511,107,1,3,2022,0
2,803.42,680,734,2,3,2022,1
8,0.37,159,301,2,3,2022,1
0,23.36,509,760,2,3,2022,0
1,9.73,627,74,2,3,2022,0
3,2.28,183,294,2,3,2022,1
4,15.54,275,361,2,3,2022,0
6,3.84,341,345,2,3,2022,1
5,58.01,257,246,2,3,2022,1
10,48.44,642,264,2,3,2022,1
7,22.0,520,323,2,3,2022,1
9,90.33,397,119,2,3,2022,0
2,803.42,679,733,3,3,2022,1
8,0.37,158,297,3,3,2022,1
0,23.36,508,759,3,3,2022,0
1,9.73,625,76,3,3,2022,0
3,2.28,109,826,3,3,2022,1
4,15.54,271,220,3,3,2022,0
6,3.84,348,346,3,3,2022,1
5,58.01,258,247,3,3,2022,1
10,48.44,619,238,3,3,2022,1
7,22.0,519,321,3,3,2022,1
9,90.33,649,68,3,3,2022,0
2,803.42,798,817,1,7,2022,1
8,0.37,113,254,1,7,2022,1
0,23.36,702,39,1,7,2022,0
1,9.73,489,109,1,7,2022,0
3,2.28,788,751,1,7,2022,1
4,15.54,164,59,1,7,2022,0
6,3.84,304,337,1,7,2022,1
5,58.01,60,618,1,7,2022,1
10,48.44,730,520,1,7,2022,1
7,22.0,344,5,1,7,2022,0
9,90.33,261,125,1,7,2022,0
2,803.42,797,816,2,7,2022,1
8,0.37,790,830,2,7,2022,1
0,23.36,712,35,2,7,2022,0
1,9.73,536,92,2,7,2022,0
3,2.28,791,756,2,7,2022,1
4,15.54,160,61,2,7,2022,0
6,3.84,304,337,2,7,2022,1
5,58.01,58,616,2,7,2022,1
10,48.44,695,513,2,7,2022,1
7,22.0,336,10,2,7,2022,0
9,90.33,107,126,2,7,2022,0
2,803.42,797,816,3,7,2022,1
8,0.37,790,830,3,7,2022,1
0,23.36,712,35,3,7,2022,0
1,9.73,536,92,3,7,2022,0
3,2.28,791,756,3,7,2022,1
4,15.54,160,61,3,7,2022,0
6,3.84,304,337,3,7,2022,1
5,58.01,58,616,3,7,2022,1
10,48.44,523,30,3,7,2022,0
7,22.0,336,10,3,7,2022,0
9,90.33,107,126,3,7,2022,0
2,803.42,797,816,4,7,2022,1
8,0.37,794,832,4,7,2022,1
0,23.36,704,38,4,7,2022,0
1,9.73,493,101,4,7,2022,0
3,2.28,786,746,4,7,2022,1
4,15.54,166,21,4,7,2022,0
6,3.84,312,341,4,7,2022,1
5,58.01,59,617,4,7,2022,1
10,48.44,525,135,4,7,2022,0
7,22.0,334,12,4,7,2022,0
9,90.33,293,122,4,7,2022,0
2,803.42,796,815,5,7,2022,1
8,0.37,95,237,5,7,2022,1
0,23.36,719,33,5,7,2022,0
1,9.73,529,99,5,7,2022,0
3,2.28,789,753,5,7,2022,1
4,15.54,168,19,5,7,2022,0
6,3.84,176,235,5,7,2022,1
5,58.01,64,619,5,7,2022,1
10,48.44,123,732,5,7,2022,1
7,22.0,339,9,5,7,2022,0
9,90.33,272,124,5,7,2022,0
2,803.4190153,372,327,1,1,2022,1
8,0.366227191,106,248,1,1,2022,1
0,23.36440705,139,28,1,1,2022,0
1,9.729812461,636,66,1,1,2022,0
3,2.277254117,288,342,1,1,2022,1
4,15.54260225,329,624,1,1,2022,1
6,3.84375856,367,350,1,1,2022,1
5,58.01396211,617,138,1,1,2022,1
10,48.44495,615,828,1,1,2022,1
7,21.99560222,588,509,1,1,2022,1
9,90.32536555,223,716,1,1,2022,1
2,803.42,374,329,2,1,2022,1
8,0.37,133,286,2,1,2022,1
0,23.36,140,26,2,1,2022,0
1,9.73,660,62,2,1,2022,0
3,2.28,236,309,2,1,2022,1
4,15.54,340,653,2,1,2022,0
6,3.84,389,355,2,1,2022,1
5,58.01,646,417,2,1,2022,1
10,48.44,594,640,2,1,2022,1
7,22.0,589,514,2,1,2022,1
9,90.33,230,735,2,1,2022,1
2,803.4190153,373,328,3,1,2022,1
8,0.366227191,115,256,3,1,2022,1
0,23.36440705,140,27,3,1,2022,0
1,9.729812461,633,70,3,1,2022,0
3,2.277254117,233,308,3,1,2022,1
4,15.54260225,311,501,3,1,2022,1
6,3.84375856,646,684,3,1,2022,1
5,58.01396211,673,288,3,1,2022,1
10,48.44495,620,241,3,1,2022,1
7,21.99560222,586,508,3,1,2022,1
9,90.32536555,253,763,3,1,2022,1
2,803.4190153,371,326,4,1,2022,1
8,0.366227191,134,287,4,1,2022,1
0,23.36440705,135,29,4,1,2022,0
1,9.729812461,632,71,4,1,2022,0
3,2.277254117,165,253,4,1,2022,1
4,15.54260225,302,487,4,1,2022,1
6,3.84375856,647,685,4,1,2022,1
5,58.01396211,678,330,4,1,2022,1
10,48.44495,650,344,4,1,2022,1
7,21.99560222,584,465,4,1,2022,1
9,90.32536555,228,718,4,1,2022,1
2,803.4190153,350,311,1,8,2022,1
8,0.366227191,715,791,1,8,2022,1
0,23.36440705,575,53,1,8,2022,0
1,9.729812461,485,113,1,8,2022,0
3,2.277254117,707,691,1,8,2022,1
4,15.54260225,208,0,1,8,2022,0
6,3.84375856,45,707,1,8,2022,1
5,58.01396211,733,457,1,8,2022,1
10,48.44495,68,682,1,8,2022,1
7,21.99560222,328,18,1,8,2022,0
9,90.32536555,274,123,1,8,2022,0
2,803.4190153,351,312,2,8,2022,1
8,0.366227191,668,754,2,8,2022,1
0,23.36440705,575,53,2,8,2022,0
1,9.729812461,532,93,2,8,2022,0
3,2.277254117,708,692,2,8,2022,1
4,15.54260225,516,348,2,8,2022,1
6,3.84375856,93,742,2,8,2022,1
5,58.01396211,735,460,2,8,2022,1
10,48.44495,817,664,2,8,2022,1
7,21.99560222,392,206,2,8,2022,1
9,90.32536555,368,120,2,8,2022,0
2,803.4190153,351,312,3,8,2022,1
8,0.366227191,668,754,3,8,2022,1
0,23.36440705,575,53,3,8,2022,0
1,9.729812461,487,111,3,8,2022,0
3,2.277254117,708,692,3,8,2022,1
4,15.54260225,212,140,3,8,2022,1
6,3.84375856,369,352,3,8,2022,1
5,58.01396211,677,324,3,8,2022,1
10,48.44495,817,664,3,8,2022,1
7,21.99560222,382,185,3,8,2022,1
9,90.32536555,723,23,3,8,2022,0
2,803.4190153,323,191,4,8,2022,1
8,0.366227191,666,749,4,8,2022,1
0,23.36440705,569,57,4,8,2022,0
1,9.729812461,105,211,4,8,2022,1
3,2.277254117,345,353,4,8,2022,1
4,15.54260225,242,170,4,8,2022,1
6,3.84375856,93,743,4,8,2022,1
5,58.01396211,734,458,4,8,2022,1
10,48.44495,91,715,4,8,2022,1
7,21.99560222,425,414,4,8,2022,0
9,90.32536555,748,94,4,8,2022,0
2,803.4190153,352,313,5,8,2022,1
8,0.366227191,666,750,5,8,2022,1
0,23.36440705,395,139,5,8,2022,1
1,9.729812461,105,212,5,8,2022,1
3,2.277254117,170,258,5,8,2022,1
4,15.54260225,241,164,5,8,2022,1
6,3.84375856,93,742,5,8,2022,1
5,58.01396211,675,319,5,8,2022,1
10,48.44495,91,714,5,8,2022,1
7,21.99560222,424,413,5,8,2022,1
9,90.32536555,747,95,5,8,2022,0
2,803.4190153,322,280,1,6,2022,1
8,0.366227191,26,840,1,6,2022,1
0,23.36440705,624,51,1,6,2022,0
1,9.729812461,488,110,1,6,2022,0
3,2.277254117,717,701,1,6,2022,1
4,15.54260225,269,215,1,6,2022,0
6,3.84375856,787,659,1,6,2022,1
5,58.01396211,125,681,1,6,2022,1
10,48.44495,566,183,1,6,2022,1
7,21.99560222,469,706,1,6,2022,1
9,90.32536555,514,106,1,6,2022,0
2,803.4190153,321,279,2,6,2022,1
8,0.366227191,46,231,2,6,2022,1
0,23.36440705,573,55,2,6,2022,0
1,9.729812461,483,115,2,6,2022,0
3,2.277254117,720,705,2,6,2022,1
4,15.54260225,269,215,2,6,2022,1
6,3.84375856,787,659,2,6,2022,1
5,58.01396211,84,671,2,6,2022,1
10,48.44495,613,814,2,6,2022,1
7,21.99560222,388,197,2,6,2022,1
9,90.32536555,467,116,2,6,2022,0
2,803.4190153,319,276,3,6,2022,1
8,0.366227191,22,836,3,6,2022,1
0,23.36440705,574,54,3,6,2022,0
1,9.729812461,484,114,3,6,2022,0
3,2.277254117,710,693,3,6,2022,1
4,15.54260225,247,188,3,6,2022,1
6,3.84375856,782,651,3,6,2022,1
5,58.01396211,65,620,3,6,2022,1
10,48.44495,621,257,3,6,2022,1
7,21.99560222,390,200,3,6,2022,1
9,90.32536555,426,118,3,6,2022,0
2,803.4190153,320,277,4,6,2022,1
8,0.366227191,49,234,4,6,2022,1
0,23.36440705,574,54,4,6,2022,0
1,9.729812461,484,114,4,6,2022,0
3,2.277254117,711,696,4,6,2022,1
4,15.54260225,210,137,4,6,2022,1
6,3.84375856,784,655,4,6,2022,1
5,58.01396211,676,322,4,6,2022,1
10,48.44495,645,291,4,6,2022,1
7,21.99560222,391,205,4,6,2022,1
9,90.32536555,460,117,4,6,2022,0
2,803.42,578,612,1,5,2022,1
8,0.37,33,844,1,5,2022,1
0,23.36,303,81,1,5,2022,0
1,9.73,31,155,1,5,2022,1
3,2.28,711,695,1,5,2022,1
4,15.54,521,422,1,5,2022,0
6,3.84,784,656,1,5,2022,1
5,58.01,118,677,1,5,2022,0
10,48.44,171,848,1,5,2022,1
7,22.0,391,204,1,5,2022,1
9,90.33,764,72,1,5,2022,0
2,803.42,580,614,2,5,2022,1
8,0.37,42,226,2,5,2022,1
0,23.36,572,56,2,5,2022,0
1,9.73,492,102,2,5,2022,0
3,2.28,711,695,2,5,2022,1
4,15.54,23,98,2,5,2022,0
6,3.84,784,656,2,5,2022,1
5,58.01,118,677,2,5,2022,1
10,48.44,544,127,2,5,2022,0
7,22.0,390,199,2,5,2022,1
9,90.33,727,134,2,5,2022,0
2,803.42,579,613,3,5,2022,1
8,0.37,43,227,3,5,2022,1
0,23.36,310,79,3,5,2022,0
1,9.73,25,144,3,5,2022,1
3,2.28,716,698,3,5,2022,1
4,15.54,522,423,3,5,2022,1
6,3.84,781,638,3,5,2022,1
5,58.01,80,667,3,5,2022,1
10,48.44,173,849,3,5,2022,1
7,22.0,769,736,3,5,2022,1
9,90.33,767,60,3,5,2022,0
2,803.42,581,615,4,5,2022,1
8,0.37,115,255,4,5,2022,1
0,23.36,331,64,4,5,2022,0
1,9.73,102,209,4,5,2022,1
3,2.28,793,757,4,5,2022,1
4,15.54,524,434,4,5,2022,1
6,3.84,213,269,4,5,2022,1
5,58.01,124,680,4,5,2022,1
10,48.44,192,850,4,5,2022,1
7,22.0,795,741,4,5,2022,1
9,90.33,811,594,4,5,2022,1
2,803.4190153,152,284,1,0,2022,1
8,0.366227191,783,825,1,0,2022,1
0,23.36440705,574,54,1,0,2022,0
1,9.729812461,24,142,1,0,2022,1
3,2.277254117,716,699,1,0,2022,1
4,15.54260225,263,203,1,0,2022,1
6,3.84375856,781,637,1,0,2022,1
5,58.01396211,90,674,1,0,2022,1
10,48.44495,587,561,1,0,2022,1
7,21.99560222,390,200,1,0,2022,1
9,90.32536555,765,69,1,0,2022,0
2,803.4190153,151,283,2,0,2022,1
8,0.366227191,38,223,2,0,2022,1
0,23.36440705,576,52,2,0,2022,0
1,9.729812461,25,145,2,0,2022,1
3,2.277254117,711,696,2,0,2022,1
4,15.54260225,248,192,2,0,2022,1
6,3.84375856,781,637,2,0,2022,1
5,58.01396211,87,673,2,0,2022,1
10,48.44495,590,586,2,0,2022,1
7,21.99560222,406,368,2,0,2022,1
9,90.32536555,763,75,2,0,2022,0
2,803.4190153,149,281,3,0,2022,1
8,0.366227191,35,847,3,0,2022,1
0,23.36440705,631,49,3,0,2022,0
1,9.729812461,47,175,3,0,2022,1
3,2.277254117,780,708,3,0,2022,1
4,15.54260225,287,392,3,0,2022,1
6,3.84375856,784,655,3,0,2022,1
5,58.01396211,92,675,3,0,2022,1
10,48.44495,592,628,3,0,2022,1
7,21.99560222,380,178,3,0,2022,1
9,90.32536555,739,97,3,0,2022,0
2,803.4190153,150,282,4,0,2022,1
8,0.366227191,542,533,4,0,2022,1
0,23.36440705,654,46,4,0,2022,0
1,9.729812461,34,158,4,0,2022,1
3,2.277254117,538,393,4,0,2022,1
4,15.54260225,568,24,4,0,2022,0
6,3.84375856,792,690,4,0,2022,1
5,58.01396211,78,665,4,0,2022,1
10,48.44495,616,837,4,0,2022,1
7,21.99560222,405,360,4,0,2022,1
9,90.32536555,776,8,4,0,2022,0
2,803.4190153,153,285,5,0,2022,1
8,0.366227191,559,608,5,0,2022,1
0,23.36440705,706,36,5,0,2022,0
1,9.729812461,111,221,5,0,2022,1
3,2.277254117,629,505,5,0,2022,1
4,15.54260225,637,132,5,0,2022,0
6,3.84375856,266,306,5,0,2022,1
5,58.01396211,122,678,5,0,2022,1
10,48.44495,652,356,5,0,2022,1
7,21.99560222,456,562,5,0,2022,1
9,90.32536555,818,804,5,0,2022,1
2,803.42,481,430,1,11,2022,1
8,0.37,528,531,1,11,2022,1
0,23.36,655,45,1,11,2022,0
1,9.73,30,153,1,11,2022,1
3,2.28,535,379,1,11,2022,1
4,15.54,263,204,1,11,2022,1
6,3.84,779,633,1,11,2022,1
5,58.01,78,666,1,11,2022,1
10,48.44,598,703,1,11,2022,1
7,22.0,390,199,1,11,2022,1
9,90.33,809,478,1,11,2022,1
2,803.42,481,430,2,11,2022,1
8,0.37,528,531,2,11,2022,1
0,23.36,655,45,2,11,2022,0
1,9.73,30,153,2,11,2022,1
3,2.28,535,379,2,11,2022,1
4,15.54,263,204,2,11,2022,1
6,3.84,779,633,2,11,2022,1
5,58.01,78,666,2,11,2022,1
10,48.44,598,703,2,11,2022,1
7,22.0,390,199,2,11,2022,1
9,90.33,809,478,2,11,2022,1
2,803.4190153,480,429,3,11,2022,1
8,0.366227191,546,598,3,11,2022,1
0,23.36440705,657,44,3,11,2022,0
1,9.729812461,36,159,3,11,2022,1
3,2.277254117,533,373,3,11,2022,1
4,15.54260225,249,195,3,11,2022,1
6,3.84375856,713,580,3,11,2022,1
5,58.01396211,74,663,3,11,2022,1
10,48.44495,598,702,3,11,2022,1
7,21.99560222,390,200,3,11,2022,1
9,90.32536555,802,210,3,11,2022,1
2,803.4190153,482,431,4,11,2022,1
8,0.366227191,557,605,4,11,2022,1
0,23.36440705,387,136,4,11,2022,1
1,9.729812461,50,182,4,11,2022,1
3,2.277254117,534,375,4,11,2022,1
4,15.54260225,263,203,4,11,2022,1
6,3.84375856,700,559,4,11,2022,1
5,58.01396211,83,670,4,11,2022,1
10,48.44495,621,257,4,11,2022,1
7,21.99560222,384,193,4,11,2022,1
9,90.32536555,809,479,4,11,2022,1
2,803.4190153,507,446,1,10,2022,1
8,0.366227191,545,597,1,10,2022,1
0,23.36440705,403,157,1,10,2022,1
1,9.729812461,96,194,1,10,2022,1
3,2.277254117,533,373,1,10,2022,1
4,15.54260225,245,177,1,10,2022,1
6,3.84375856,666,502,1,10,2022,1
5,58.01396211,78,665,1,10,2022,1
10,48.44495,614,822,1,10,2022,1
7,21.99560222,404,222,1,10,2022,1
9,90.32536555,70,340,1,10,2022,1
2,803.4190153,505,444,2,10,2022,1
8,0.366227191,543,534,2,10,2022,1
0,23.36440705,383,2,2,10,2022,0
1,9.729812461,39,161,2,10,2022,1
3,2.277254117,534,375,2,10,2022,1
4,15.54260225,246,180,2,10,2022,1
6,3.84375856,666,502,2,10,2022,1
5,58.01396211,78,665,2,10,2022,1
10,48.44495,614,822,2,10,2022,1
7,21.99560222,416,401,2,10,2022,1
9,90.32536555,57,251,2,10,2022,1
2,803.4190153,503,442,3,10,2022,1
8,0.366227191,527,530,3,10,2022,1
0,23.36440705,383,2,3,10,2022,0
1,9.729812461,39,161,3,10,2022,1
3,2.277254117,534,375,3,10,2022,1
4,15.54260225,246,180,3,10,2022,1
6,3.84375856,666,502,3,10,2022,1
5,58.01396211,78,665,3,10,2022,1
10,48.44495,614,822,3,10,2022,1
7,21.99560222,416,401,3,10,2022,1
9,90.32536555,801,179,3,10,2022,1
2,803.4190153,506,445,4,10,2022,1
8,0.366227191,526,529,4,10,2022,1
0,23.36440705,387,136,4,10,2022,1
1,9.729812461,25,145,4,10,2022,1
3,2.277254117,531,371,4,10,2022,1
4,15.54260225,249,195,4,10,2022,1
6,3.84375856,709,565,4,10,2022,1
5,58.01396211,78,665,4,10,2022,1
10,48.44495,616,837,4,10,2022,1
7,21.99560222,420,404,4,10,2022,1
9,90.32536555,753,88,4,10,2022,0
2,803.4190153,504,443,5,10,2022,1
8,0.366227191,549,601,5,10,2022,1
0,23.36440705,386,1,5,10,2022,0
1,9.729812461,47,175,5,10,2022,1
3,2.277254117,531,371,5,10,2022,1
4,15.54260225,250,196,5,10,2022,1
6,3.84375856,718,591,5,10,2022,1
5,58.01396211,78,665,5,10,2022,1
10,48.44495,597,694,5,10,2022,1
7,21.99560222,446,541,5,10,2022,1
9,90.32536555,805,387,5,10,2022,1
2,803.4190153,296,243,1,9,2022,1
8,0.366227191,548,600,1,9,2022,1
0,23.36440705,342,58,1,9,2022,0
1,9.729812461,47,175,1,9,2022,1
3,2.277254117,540,400,1,9,2022,1
4,15.54260225,264,208,1,9,2022,1
6,3.84375856,705,563,1,9,2022,1
5,58.01396211,85,672,1,9,2022,1
10,48.44495,618,838,1,9,2022,1
7,21.99560222,468,658,1,9,2022,1
9,90.32536555,777,7,1,9,2022,0
2,803.4190153,298,245,2,9,2022,1
8,0.366227191,550,603,2,9,2022,1
0,23.36440705,361,14,2,9,2022,0
1,9.729812461,114,358,2,9,2022,1
3,2.277254117,538,393,2,9,2022,1
4,15.54260225,263,203,2,9,2022,1
6,3.84375856,709,565,2,9,2022,1
5,58.01396211,74,663,2,9,2022,1
10,48.44495,592,628,2,9,2022,1
7,21.99560222,446,541,2,9,2022,1
9,90.32536555,745,96,2,9,2022,0
2,803.4190153,298,245,3,9,2022,1
8,0.366227191,550,603,3,9,2022,1
0,23.36440705,463,497,3,9,2022,1
1,9.729812461,114,358,3,9,2022,1
3,2.277254117,538,393,3,9,2022,1
4,15.54260225,263,203,3,9,2022,1
6,3.84375856,709,565,3,9,2022,1
5,58.01396211,74,663,3,9,2022,1
10,48.44495,592,628,3,9,2022,1
7,21.99560222,448,548,3,9,2022,1
9,90.32536555,771,16,3,9,2022,0
2,803.4190153,297,244,4,9,2022,1
8,0.366227191,558,606,4,9,2022,1
0,23.36440705,457,466,4,9,2022,1
1,9.729812461,94,189,4,9,2022,1
3,2.277254117,539,397,4,9,2022,1
4,15.54260225,265,214,4,9,2022,1
6,3.84375856,626,374,4,9,2022,1
5,58.01396211,74,663,4,9,2022,1
10,48.44495,651,354,4,9,2022,1
7,21.99560222,446,541,4,9,2022,1
9,90.32536555,768,22,4,9,2022,0
2,803.4190153,281,856,1,2,2022,1
8,0.366227191,556,604,1,2,2022,1
0,23.36440705,457,466,1,2,2022,1
1,9.729812461,94,189,1,2,2022,1
3,2.277254117,539,397,1,2,2022,1
4,15.54260225,265,214,1,2,2022,1
6,3.84375856,700,559,1,2,2022,1
5,58.01396211,74,663,1,2,2022,1
10,48.44495,599,712,1,2,2022,1
7,21.99560222,451,556,1,2,2022,1
9,90.32536555,755,86,1,2,2022,0
2,803.4190153,284,859,2,2,2022,1
8,0.366227191,556,604,2,2,2022,1
0,23.36440705,462,493,2,2,2022,1
1,9.729812461,47,175,2,2,2022,1
3,2.277254117,537,382,2,2,2022,1
4,15.54260225,245,177,2,2,2022,1
6,3.84375856,635,412,2,2,2022,1
5,58.01396211,73,623,2,2,2022,1
10,48.44495,595,650,2,2,2022,1
7,21.99560222,452,560,2,2,2022,1
9,90.32536555,815,747,2,2,2022,1
2,803.4190153,278,853,3,2,2022,1
8,0.366227191,541,532,3,2,2022,1
0,23.36440705,454,420,3,2,2022,1
1,9.729812461,25,145,3,2,2022,1
3,2.277254117,535,380,3,2,2022,1
4,15.54260225,243,174,3,2,2022,1
6,3.84375856,781,637,3,2,2022,1
5,58.01396211,78,665,3,2,2022,1
10,48.44495,595,650,3,2,2022,1
7,21.99560222,446,541,3,2,2022,1
9,90.32536555,816,758,3,2,2022,1
2,803.4190153,283,857,4,2,2022,1
8,0.366227191,542,533,4,2,2022,1
0,23.36440705,454,420,4,2,2022,1
1,9.729812461,47,175,4,2,2022,1
3,2.277254117,530,365,4,2,2022,1
4,15.54260225,243,174,4,2,2022,1
6,3.84375856,714,585,4,2,2022,1
5,58.01396211,78,665,4,2,2022,1
10,48.44495,593,639,4,2,2022,1
7,21.99560222,415,398,4,2,2022,1
9,90.32536555,814,745,4,2,2022,1
2,804.32,282,855,1,4,2023,1
8,0.36,547,599,1,4,2023,1
0,23.4,455,419,1,4,2023,1
1,9.73,48,176,1,4,2023,1
3,2.27,540,402,1,4,2023,1
4,15.55,263,202,1,4,2023,1
6,3.85,781,636,1,4,2023,1
5,58.09,82,668,1,4,2023,1
10,48.51,648,320,1,4,2023,1
7,22.01,451,553,1,4,2023,1
9,90.43,56,233,1,4,2023,1
2,804.32,279,851,2,4,2023,1
8,0.36,547,599,2,4,2023,1
0,23.4,450,411,2,4,2023,1
1,9.73,54,187,2,4,2023,1
3,2.27,538,394,2,4,2023,1
4,15.55,265,213,2,4,2023,1
6,3.85,778,632,2,4,2023,1
5,58.09,83,669,2,4,2023,1
10,48.51,590,579,2,4,2023,1
7,22.01,448,547,2,4,2023,1
9,90.43,800,162,2,4,2023,1
2,804.32,281,854,3,4,2023,1
8,0.36,21,211,3,4,2023,1
0,23.4,662,43,3,4,2023,0
1,9.73,54,187,3,4,2023,1
3,2.27,36,785,3,4,2023,1
4,15.55,567,25,3,4,2023,0
6,3.85,445,427,3,4,2023,1
5,58.09,564,31,3,4,2023,0
10,48.51,63,679,3,4,2023,1
7,22.01,399,217,3,4,2023,1
9,90.43,803,216,3,4,2023,1
2,804.32,286,860,4,4,2023,1
8,0.36,21,211,4,4,2023,1
0,23.4,638,47,4,4,2023,0
1,9.73,50,181,4,4,2023,1
3,2.27,40,789,4,4,2023,1
4,15.55,567,25,4,4,2023,0
6,3.85,430,424,4,4,2023,1
5,58.09,560,37,4,4,2023,0
10,48.51,69,683,4,4,2023,1
7,22.01,447,543,4,4,2023,1
9,90.43,810,478,4,4,2023,1
2,804.32,280,852,5,4,2023,1
8,0.36,325,370,5,4,2023,1
0,23.4,663,42,5,4,2023,0
1,9.73,52,186,5,4,2023,1
3,2.27,40,789,5,4,2023,1
4,15.55,639,131,5,4,2023,0
6,3.85,453,435,5,4,2023,1
5,58.09,562,32,5,4,2023,0
10,48.51,69,683,5,4,2023,1
7,22.01,421,405,5,4,2023,1
9,90.43,820,831,5,4,2023,1
2,804.32,280,852,1,3,2023,1
8,0.36,325,370,1,3,2023,1
0,23.4,663,42,1,3,2023,0
1,9.73,52,186,1,3,2023,1
3,2.27,40,789,1,3,2023,1
4,15.55,639,131,1,3,2023,0
6,3.85,453,435,1,3,2023,1
5,58.09,562,32,1,3,2023,0
10,48.51,72,687,1,3,2023,1
7,22.01,421,405,1,3,2023,1
9,90.43,808,469,1,3,2023,1
2,804.32,280,852,2,3,2023,1
8,0.36,19,207,2,3,2023,1
0,23.4,663,42,2,3,2023,0
1,9.73,52,186,2,3,2023,1
3,2.27,40,789,2,3,2023,1
4,15.55,628,133,2,3,2023,0
6,3.85,453,435,2,3,2023,1
5,58.09,622,219,2,3,2023,1
10,48.51,69,683,2,3,2023,1
7,22.01,421,405,2,3,2023,1
9,90.43,756,84,2,3,2023,0
2,804.32,285,858,3,3,2023,1
8,0.36,21,211,3,3,2023,1
0,23.4,402,146,3,3,2023,1
1,9.73,28,152,3,3,2023,1
3,2.27,41,790,3,3,2023,1
4,15.55,628,133,3,3,2023,0
6,3.85,307,338,3,3,2023,1
5,58.09,561,34,3,3,2023,0
10,48.51,799,610,3,3,2023,1
7,22.01,422,406,3,3,2023,1
9,90.43,812,700,3,3,2023,1
2,804.32,502,441,4,3,2023,1
8,0.36,326,396,4,3,2023,1
0,23.4,423,199,4,3,2023,1
1,9.73,116,367,4,3,2023,1
3,2.27,459,453,4,3,2023,1
4,15.55,44,91,4,3,2023,0
6,3.85,349,347,4,3,2023,1
5,58.09,644,389,4,3,2023,1
10,48.51,766,528,4,3,2023,1
7,22.01,447,543,4,3,2023,1
9,90.43,807,418,4,3,2023,1
2,804.32,500,440,1,7,2023,1
8,0.36,12,190,1,7,2023,1
0,23.4,423,199,1,7,2023,1
1,9.73,116,367,1,7,2023,1
3,2.27,459,453,1,7,2023,1
4,15.55,112,78,1,7,2023,0
6,3.85,318,343,1,7,2023,1
5,58.09,643,363,1,7,2023,1
10,48.51,772,602,1,7,2023,1
7,22.01,409,378,1,7,2023,1
9,90.43,804,366,1,7,2023,1
2,810.1769713,501,439,2,7,2023,1
8,0.907139234,324,201,2,7,2023,1
0,21.47208136,438,540,2,7,2023,1
1,10.51632871,116,198,2,7,2023,1
3,3.232451691,459,447,2,7,2023,1
4,15.18583998,112,73,2,7,2023,0
6,2.980734026,347,349,2,7,2023,1
5,78.0450135,724,364,2,7,2023,1
10,46.03388419,772,611,2,7,2023,1
7,19.50928964,447,704,2,7,2023,1
9,76.38881774,721,491,2,7,2023,1
2,810.1769713,498,437,3,7,2023,1
8,0.907139234,6,151,3,7,2023,1
0,21.47208136,400,376,3,7,2023,1
1,10.51632871,37,4,3,7,2023,0
3,3.232451691,429,428,3,7,2023,1
4,15.18583998,29,90,3,7,2023,0
6,2.980734026,211,299,3,7,2023,1
5,78.0450135,686,20,3,7,2023,0
10,46.03388419,725,521,3,7,2023,1
7,19.50928964,360,395,3,7,2023,1
9,76.38881774,674,87,3,7,2023,0
2,810.1769713,499,438,4,7,2023,1
8,0.907139234,5,150,4,7,2023,1
0,21.47208136,401,377,4,7,2023,1
1,10.51632871,203,584,4,7,2023,1
3,3.232451691,428,426,4,7,2023,1
4,15.18583998,32,89,4,7,2023,0
6,2.980734026,214,302,4,7,2023,1
5,78.0450135,591,67,4,7,2023,0
10,46.03388419,732,527,4,7,2023,1
7,19.50928964,362,399,4,7,2023,1
9,76.38881774,722,499,4,7,2023,1
2,810.1769713,813,821,1,1,2023,1
8,0.907139234,4,149,1,1,2023,1
0,21.47208136,401,377,1,1,2023,1
1,10.51632871,202,582,1,1,2023,1
3,3.232451691,427,425,1,1,2023,1
4,15.18583998,268,359,1,1,2023,1
6,2.980734026,659,558,1,1,2023,1
5,78.0450135,728,468,1,1,2023,1
10,46.03388419,612,236,1,1,2023,1
7,19.50928964,370,480,1,1,2023,1
9,76.38881774,689,362,1,1,2023,1
2,810.1769713,813,821,2,1,2023,1
8,0.907139234,1,143,2,1,2023,1
0,21.47208136,401,377,2,1,2023,1
1,10.51632871,202,582,2,1,2023,1
3,3.232451691,428,426,2,1,2023,1
4,15.18583998,268,359,2,1,2023,1
6,2.980734026,659,558,2,1,2023,1
5,78.0450135,728,468,2,1,2023,1
10,46.03388419,611,232,2,1,2023,1
7,19.50928964,377,484,2,1,2023,1
9,76.38881774,693,391,2,1,2023,1
2,810.1769713,813,821,3,1,2023,1
8,0.907139234,4,149,3,1,2023,1
0,21.47208136,398,369,3,1,2023,1
1,10.51632871,197,574,3,1,2023,1
3,3.232451691,428,426,3,1,2023,1
4,15.18583998,268,359,3,1,2023,1
6,2.980734026,656,546,3,1,2023,1
5,78.0450135,728,468,3,1,2023,1
10,46.03388419,603,839,3,1,2023,1
7,19.50928964,379,486,3,1,2023,1
9,76.38881774,726,552,3,1,2023,1
2,810.1769713,813,821,4,1,2023,1
8,0.907139234,0,141,4,1,2023,1
0,21.47208136,400,376,4,1,2023,1
1,10.51632871,202,582,4,1,2023,1
3,3.232451691,428,426,4,1,2023,1
4,15.18583998,268,359,4,1,2023,1
6,2.980734026,659,558,4,1,2023,1
5,78.0450135,729,473,4,1,2023,1
10,46.03388419,600,829,4,1,2023,1
7,19.50928964,396,545,4,1,2023,1
9,76.38881774,687,184,4,1,2023,1
2,810.1769713,684,740,1,8,2023,1
8,0.907139234,8,156,1,8,2023,1
0,21.47208136,163,128,1,8,2023,0
1,10.51632871,204,589,1,8,2023,1
3,3.232451691,198,270,1,8,2023,1
4,15.18583998,305,537,1,8,2023,1
6,2.980734026,108,797,1,8,2023,1
5,78.0450135,762,801,1,8,2023,1
10,46.03388419,606,843,1,8,2023,1
7,19.50928964,375,482,1,8,2023,1
9,76.38881774,692,388,1,8,2023,1
2,810.1769713,682,738,2,8,2023,1
8,0.907139234,7,154,2,8,2023,1
0,21.47208136,162,129,2,8,2023,0
1,10.51632871,196,572,2,8,2023,1
3,3.232451691,199,271,2,8,2023,1
4,15.18583998,306,538,2,8,2023,1
6,2.980734026,104,792,2,8,2023,1
5,78.0450135,758,794,2,8,2023,1
10,46.03388419,604,841,2,8,2023,1
7,19.50928964,381,488,2,8,2023,1
9,76.38881774,688,218,2,8,2023,1
2,810.1769713,683,739,3,8,2023,1
8,0.907139234,9,160,3,8,2023,1
0,21.47208136,161,130,3,8,2023,0
1,10.51632871,200,578,3,8,2023,1
3,3.232451691,195,268,3,8,2023,1
4,15.18583998,301,507,3,8,2023,1
6,2.980734026,108,797,3,8,2023,1
5,78.0450135,761,799,3,8,2023,1
10,46.03388419,610,225,3,8,2023,1
7,19.50928964,395,539,3,8,2023,1
9,76.38881774,694,403,3,8,2023,1
2,810.1769713,681,737,4,8,2023,1
8,0.907139234,2,147,4,8,2023,1
0,21.47208136,407,408,4,8,2023,1
1,10.51632871,193,566,4,8,2023,1
3,3.232451691,193,267,4,8,2023,1
4,15.18583998,299,503,4,8,2023,1
6,2.980734026,100,788,4,8,2023,1
5,78.0450135,760,798,4,8,2023,1
10,46.03388419,601,834,4,8,2023,1
7,19.50928964,393,535,4,8,2023,1
9,76.38881774,690,381,4,8,2023,1
2,810.1769713,682,738,5,8,2023,1
8,0.907139234,3,148,5,8,2023,1
0,21.47208136,408,409,5,8,2023,1
1,10.51632871,194,568,5,8,2023,1
3,3.232451691,193,267,5,8,2023,1
4,15.18583998,300,504,5,8,2023,1
6,2.980734026,99,787,5,8,2023,1
5,78.0450135,759,795,5,8,2023,1
10,46.03388419,607,845,5,8,2023,1
7,19.50928964,394,536,5,8,2023,1
9,76.38881774,691,383,5,8,2023,1
2,810.1769713,61,432,1,6,2023,1
8,0.907139234,10,163,1,6,2023,1
0,21.47208136,432,496,1,6,2023,1
1,10.51632871,143,385,1,6,2023,1
3,3.232451691,671,581,1,6,2023,1
4,15.18583998,308,542,1,6,2023,1
6,2.980734026,51,762,1,6,2023,1
5,78.0450135,773,249,1,6,2023,1
10,46.03388419,605,842,1,6,2023,1
7,19.50928964,365,415,1,6,2023,1
9,76.38881774,696,470,1,6,2023,1
2,810.1769713,62,433,2,6,2023,1
8,0.907139234,11,165,2,6,2023,1
0,21.47208136,431,495,2,6,2023,1
1,10.51632871,142,384,2,6,2023,1
3,3.232451691,699,583,2,6,2023,1
4,15.18583998,309,544,2,6,2023,1
6,2.980734026,98,786,2,6,2023,1
5,78.0450135,773,249,2,6,2023,1
10,46.03388419,608,846,2,6,2023,1
7,19.50928964,363,407,2,6,2023,1
9,76.38881774,697,472,2,6,2023,1
2,810.1769713,67,449,3,6,2023,1
8,0.907139234,719,761,3,6,2023,1
0,21.47208136,458,592,3,6,2023,1
1,10.51632871,142,384,3,6,2023,1
3,3.232451691,779,660,3,6,2023,1
4,15.18583998,357,709,3,6,2023,1
6,2.980734026,53,777,3,6,2023,1
5,78.0450135,774,250,3,6,2023,1
10,46.03388419,608,846,3,6,2023,1
7,19.50928964,364,410,3,6,2023,1
9,76.38881774,698,477,3,6,2023,1
2,810.1769713,66,448,4,6,2023,1
8,0.907139234,719,761,4,6,2023,1
0,21.47208136,458,592,4,6,2023,1
1,10.51632871,143,385,4,6,2023,1
3,3.232451691,780,662,4,6,2023,1
4,15.18583998,357,709,4,6,2023,1
6,2.980734026,97,784,4,6,2023,1
5,78.0450135,773,249,4,6,2023,1
10,46.03388419,608,846,4,6,2023,1
7,19.50928964,366,416,4,6,2023,1
9,76.38881774,698,477,4,6,2023,1
2,810.1769713,172,686,1,5,2023,1
8,0.907139234,670,713,1,5,2023,1
0,21.47208136,497,824,1,5,2023,1
1,10.51632871,144,386,1,5,2023,1
3,3.232451691,175,242,1,5,2023,1
4,15.18583998,358,710,1,5,2023,1
6,2.980734026,252,310,1,5,2023,1
5,78.0450135,775,252,1,5,2023,1
10,46.03388419,602,835,1,5,2023,1
7,19.50928964,385,500,1,5,2023,1
9,76.38881774,255,819,1,5,2023,1
2,810.1769713,157,622,2,5,2023,1
8,0.907139234,596,676,2,5,2023,1
0,21.47208136,496,823,2,5,2023,1
1,10.51632871,143,385,2,5,2023,1
3,3.232451691,174,239,2,5,2023,1
4,15.18583998,359,711,2,5,2023,1
6,2.980734026,262,318,2,5,2023,1
5,78.0450135,770,240,2,5,2023,1
10,46.03388419,609,224,2,5,2023,1
7,19.50928964,376,483,2,5,2023,1
9,76.38881774,256,820,2,5,2023,1
2,810.1769713,231,776,3,5,2023,1
8,0.907139234,169,304,3,5,2023,1
0,21.47208136,436,506,3,5,2023,1
1,10.51632871,137,372,3,5,2023,1
3,3.232451691,641,490,3,5,2023,1
4,15.18583998,294,492,3,5,2023,1
6,2.980734026,685,764,3,5,2023,1
5,78.0450135,731,564,3,5,2023,1
10,46.03388419,583,654,3,5,2023,1
7,19.50928964,370,480,3,5,2023,1
9,76.38881774,256,820,3,5,2023,1
2,810.1769713,156,621,4,5,2023,1
8,0.907139234,167,303,4,5,2023,1
0,21.47208136,433,498,4,5,2023,1
1,10.51632871,137,372,4,5,2023,1
3,3.232451691,640,489,4,5,2023,1
4,15.18583998,295,494,4,5,2023,1
6,2.980734026,623,467,4,5,2023,1
5,78.0450135,731,564,4,5,2023,1
10,46.03388419,582,625,4,5,2023,1
7,19.50928964,378,485,4,5,2023,1
9,76.38881774,254,818,4,5,2023,1
2,810.1769713,355,316,1,0,2023,1
8,0.907139234,14,167,1,0,2023,1
0,21.47208136,440,550,1,0,2023,1
1,10.51632871,215,641,1,0,2023,1
3,3.232451691,475,459,1,0,2023,1
4,15.18583998,327,634,1,0,2023,1
6,2.980734026,703,635,1,0,2023,1
5,78.0450135,186,719,1,0,2023,1
10,46.03388419,653,436,1,0,2023,1
7,19.50928964,417,627,1,0,2023,1
9,76.38881774,754,827,1,0,2023,1
2,810.1769713,354,315,2,0,2023,1
8,0.907139234,16,169,2,0,2023,1
0,21.47208136,439,549,2,0,2023,1
1,10.51632871,216,642,2,0,2023,1
3,3.232451691,495,462,2,0,2023,1
4,15.18583998,338,661,2,0,2023,1
6,2.980734026,201,289,2,0,2023,1
5,78.0450135,229,769,2,0,2023,1
10,46.03388419,146,771,2,0,2023,1
7,19.50928964,412,593,2,0,2023,1
9,76.38881774,757,833,2,0,2023,1
2,810.1769713,354,315,3,0,2023,1
8,0.907139234,570,575,3,0,2023,1
0,21.47208136,449,577,3,0,2023,1
1,10.51632871,216,642,3,0,2023,1
3,3.232451691,465,451,3,0,2023,1
4,15.18583998,290,474,3,0,2023,1
6,2.980734026,201,289,3,0,2023,1
5,78.0450135,229,769,3,0,2023,1
10,46.03388419,146,771,3,0,2023,1
7,19.50928964,412,593,3,0,2023,1
9,76.38881774,757,833,3,0,2023,1
2,810.1769713,353,314,4,0,2023,1
8,0.907139234,571,576,4,0,2023,1
0,21.47208136,449,577,4,0,2023,1
1,10.51632871,217,643,4,0,2023,1
3,3.232451691,466,452,4,0,2023,1
4,15.18583998,291,475,4,0,2023,1
6,2.980734026,201,289,4,0,2023,1
5,78.0450135,224,765,4,0,2023,1
10,46.03388419,146,771,4,0,2023,1
7,19.50928964,418,629,4,0,2023,1
9,76.38881774,757,833,4,0,2023,1
2,810.1769713,356,317,5,0,2023,1
8,0.907139234,571,576,5,0,2023,1
0,21.47208136,441,551,5,0,2023,1
1,10.51632871,218,644,5,0,2023,1
3,3.232451691,464,450,5,0,2023,1
4,15.18583998,292,476,5,0,2023,1
6,2.980734026,205,292,5,0,2023,1
5,78.0450135,225,766,5,0,2023,1
10,46.03388419,147,772,5,0,2023,1
7,19.50928964,412,593,5,0,2023,1
9,76.38881774,746,808,5,0,2023,1
2,810.1769713,517,461,1,11,2023,1
8,0.907139234,346,421,1,11,2023,1
0,21.47208136,441,551,1,11,2023,1
1,10.51632871,218,644,1,11,2023,1
3,3.232451691,464,450,1,11,2023,1
4,15.18583998,289,471,1,11,2023,1
6,2.980734026,209,298,1,11,2023,1
5,78.0450135,227,768,1,11,2023,1
10,46.03388419,148,773,1,11,2023,1
7,19.50928964,418,629,1,11,2023,1
9,76.38881774,749,809,1,11,2023,1
2,810.1769713,461,351,2,11,2023,1
8,0.907139234,17,171,2,11,2023,1
0,21.47208136,474,779,2,11,2023,1
1,10.51632871,218,644,2,11,2023,1
3,3.232451691,470,454,2,11,2023,1
4,15.18583998,314,569,2,11,2023,1
6,2.980734026,207,296,2,11,2023,1
5,78.0450135,227,768,2,11,2023,1
10,46.03388419,145,770,2,11,2023,1
7,19.50928964,412,593,2,11,2023,1
9,76.38881774,752,813,2,11,2023,1
2,810.1769713,132,275,3,11,2023,1
8,0.907139234,17,171,3,11,2023,1
0,21.47208136,476,780,3,11,2023,1
1,10.51632871,218,644,3,11,2023,1
3,3.232451691,470,454,3,11,2023,1
4,15.18583998,314,569,3,11,2023,1
6,2.980734026,206,295,3,11,2023,1
5,78.0450135,227,768,3,11,2023,1
10,46.03388419,154,774,3,11,2023,1
7,19.50928964,418,629,3,11,2023,1
9,76.38881774,750,810,3,11,2023,1
2,810.1769713,132,275,4,11,2023,1
8,0.907139234,17,171,4,11,2023,1
0,21.47208136,476,780,4,11,2023,1
1,10.51632871,232,649,4,11,2023,1
3,3.232451691,470,454,4,11,2023,1
4,15.18583998,317,573,4,11,2023,1
6,2.980734026,206,295,4,11,2023,1
5,78.0450135,227,768,4,11,2023,1
10,46.03388419,148,773,4,11,2023,1
7,19.50928964,418,629,4,11,2023,1
9,76.38881774,751,812,4,11,2023,1
2,810.1769713,131,274,1,10,2023,1
8,0.907139234,15,168,1,10,2023,1
0,21.47208136,479,783,1,10,2023,1
1,10.51632871,221,647,1,10,2023,1
3,3.232451691,470,454,1,10,2023,1
4,15.18583998,316,571,1,10,2023,1
6,2.980734026,207,296,1,10,2023,1
5,78.0450135,226,767,1,10,2023,1
10,46.03388419,155,775,1,10,2023,1
7,19.50928964,419,630,1,10,2023,1
9,76.38881774,737,796,1,10,2023,1
2,810.1769713,554,518,2,10,2023,1
8,0.907139234,238,334,2,10,2023,1
0,21.47208136,479,783,2,10,2023,1
1,10.51632871,221,647,2,10,2023,1
3,3.232451691,471,455,2,10,2023,1
4,15.18583998,315,570,2,10,2023,1
6,2.980734026,185,266,2,10,2023,1
5,78.0450135,189,722,2,10,2023,1
10,46.03388419,86,729,2,10,2023,1
7,19.50928964,414,596,2,10,2023,1
9,76.38881774,741,803,2,10,2023,1
2,810.1769713,551,515,3,10,2023,1
8,0.907139234,237,333,3,10,2023,1
0,21.47208136,477,781,3,10,2023,1
1,10.51632871,221,647,3,10,2023,1
3,3.232451691,471,455,3,10,2023,1
4,15.18583998,315,570,3,10,2023,1
6,2.980734026,182,263,3,10,2023,1
5,78.0450135,187,720,3,10,2023,1
10,46.03388419,89,731,3,10,2023,1
7,19.50928964,413,595,3,10,2023,1
9,76.38881774,744,807,3,10,2023,1
2,810.1769713,553,517,4,10,2023,1
8,0.907139234,234,332,4,10,2023,1
0,21.47208136,477,781,4,10,2023,1
1,10.51632871,221,647,4,10,2023,1
3,3.232451691,471,455,4,10,2023,1
4,15.18583998,314,569,4,10,2023,1
6,2.980734026,184,265,4,10,2023,1
5,78.0450135,189,722,4,10,2023,1
10,46.03388419,77,726,4,10,2023,1
7,19.50928964,411,590,4,10,2023,1
9,76.38881774,736,793,4,10,2023,1
2,810.1769713,555,519,5,10,2023,1
8,0.907139234,240,336,5,10,2023,1
0,21.47208136,478,782,5,10,2023,1
1,10.51632871,220,646,5,10,2023,1
3,3.232451691,472,456,5,10,2023,1
4,15.18583998,313,567,5,10,2023,1
6,2.980734026,181,262,5,10,2023,1
5,78.0450135,189,722,5,10,2023,1
10,46.03388419,79,727,5,10,2023,1
7,19.50928964,419,630,5,10,2023,1
9,76.38881774,738,800,5,10,2023,1
2,810.1769713,552,516,1,9,2023,1
8,0.907139234,239,335,1,9,2023,1
0,21.47208136,473,778,1,9,2023,1
1,10.51632871,219,645,1,9,2023,1
3,3.232451691,471,455,1,9,2023,1
4,15.18583998,313,567,1,9,2023,1
6,2.980734026,181,262,1,9,2023,1
5,78.0450135,190,723,1,9,2023,1
10,46.03388419,77,726,1,9,2023,1
7,19.50928964,418,629,1,9,2023,1
9,76.38881774,737,796,1,9,2023,1
2,810.1769713,120,511,2,9,2023,1
8,0.907139234,13,166,2,9,2023,1
0,21.47208136,443,555,2,9,2023,1
1,10.51632871,222,648,2,9,2023,1
3,3.232451691,512,463,2,9,2023,1
4,15.18583998,435,229,2,9,2023,1
6,2.980734026,178,260,2,9,2023,1
5,78.0450135,187,720,2,9,2023,1
10,46.03388419,88,730,2,9,2023,1
7,19.50928964,419,630,2,9,2023,1
9,76.38881774,742,805,2,9,2023,1
2,810.1769713,119,510,3,9,2023,1
8,0.907139234,18,172,3,9,2023,1
0,21.47208136,442,554,3,9,2023,1
1,10.51632871,222,648,3,9,2023,1
3,3.232451691,513,464,3,9,2023,1
4,15.18583998,434,228,3,9,2023,1
6,2.980734026,177,259,3,9,2023,1
5,78.0450135,188,721,3,9,2023,1
10,46.03388419,81,728,3,9,2023,1
7,19.50928964,420,631,3,9,2023,1
9,76.38881774,740,802,3,9,2023,1
2,810.1769713,121,512,4,9,2023,1
8,0.907139234,20,173,4,9,2023,1
0,21.47208136,444,557,4,9,2023,1
1,10.51632871,235,652,4,9,2023,1
3,3.232451691,513,464,4,9,2023,1
4,15.18583998,437,230,4,9,2023,1
6,2.980734026,180,261,4,9,2023,1
5,78.0450135,191,724,4,9,2023,1
10,46.03388419,76,725,4,9,2023,1
7,19.50928964,410,588,4,9,2023,1
9,76.38881774,743,806,4,9,2023,1
0,23.364274304483242,624,50,1,5,2022,0
9,90.32536555,747,94,4,8,2022,0
1,9.73,492,101,2,5,2022,0
1,9.729901035461703,484,113,3,5,2022,0
0,23.36,630,49,4,4,2022,0
5,58.09,563,31,3,4,2023,0
9,90.32743319001166,514,105,1,5,2022,0
0,23.360135285260398,711,35,2,6,2022,0
7,22.0,334,11,4,5,2022,0
1,9.729812461,483,114,3,6,2022,0
0,23.36,705,37,1,7,2022,0
0,23.362003185199484,140,26,2,1,2022,0
9,90.32536555,484,112,1,6,2022,0
4,33.787972159357004,568,67,2,5,2022,0
1,9.729812461,483,114,1,6,2022,0
9,90.33,334,121,4,4,2022,0
9,90.32666765985401,774,21,1,7,2022,0
0,22.684108527963495,572,57,1,4,2022,0
9,90.32536555,771,15,2,9,2022,0
2,19.105243908876638,154,23,3,4,2022,0
2,11.940828280795056,626,97,3,3,2022,0
4,17.330662580639224,363,586,2,2,2022,0
0,23.36440705,573,54,3,6,2022,0
1,9.729812461,485,112,3,7,2022,0
9,81.31496555288828,665,80,3,5,2022,0
9,90.32807047506756,272,123,3,7,2022,0
1,9.729985421723919,488,109,1,7,2022,0
0,23.159767395949423,140,25,2,1,2022,0
9,90.32542945561525,425,118,2,5,2022,0
9,61.08260694526841,521,126,3,6,2022,0
7,22.0,336,10,4,7,2022,0
9,90.33,513,105,1,3,2022,0
5,56.29312194017206,554,31,4,4,2022,0
5,58.09,562,32,3,3,2023,0
0,23.36071666098254,332,63,3,5,2022,0
9,90.32536555,509,106,1,6,2022,0
1,9.73,492,101,3,6,2022,0
6,21.671530428803152,429,414,3,7,2022,0
9,90.32536555,774,11,1,9,2022,0
0,23.36440705,574,54,3,6,2022,0
2,18.818321331402817,570,36,2,5,2022,0
4,15.540672715166458,103,81,1,4,2022,0
0,23.36,710,35,2,7,2022,0
9,90.32536555,754,86,1,2,2022,0
0,23.36,330,64,3,5,2022,0
0,23.362747957119,573,54,1,1,2022,0
1,9.73,501,98,3,4,2022,0
0,21.47208136,162,128,1,8,2023,0
9,90.32536555,468,115,3,6,2022,0
0,17.828001650249604,574,64,1,4,2022,0
1,9.729812461,485,112,3,6,2022,0
5,58.690358597765226,564,32,3,4,2023,0
9,90.4134802003569,755,84,2,4,2022,0
9,90.32611480753445,514,105,1,5,2022,0
1,19.694819490403333,429,709,2,2,2022,0
1,9.73,491,102,3,5,2022,0
9,90.32663264140452,279,122,1,7,2022,0
4,15.543019301830348,567,24,4,0,2022,0
9,90.32599248738336,273,123,1,7,2022,0
4,15.252102962348472,110,74,1,6,2022,0
1,9.72981251394727,532,92,2,7,2022,0
4,15.187064709478431,29,90,3,6,2023,0
0,23.361959234701825,140,26,2,1,2022,0
5,22.314177115354507,330,27,1,4,2022,0
0,22.607156898297493,655,45,1,10,2022,0
7,22.0,334,11,4,4,2022,0
0,23.36440705,575,53,1,8,2022,0
6,49.237625701365786,279,173,2,6,2022,0
6,21.161800412814106,405,406,3,7,2022,0
6,22.058294896401478,326,20,1,7,2022,0
4,15.329255432994875,36,89,4,5,2023,0
1,9.73,491,102,2,4,2022,0
9,90.33,268,124,3,7,2022,0
4,15.54,139,63,4,4,2022,0
0,23.36,323,69,3,5,2022,0
9,90.32589182698317,276,122,1,7,2022,0
0,23.38686292782371,665,41,1,3,2022,0
4,55.48277016049742,289,101,1,6,2022,0
0,23.36440705,575,52,1,0,2022,0
1,9.729902449057166,484,113,4,5,2022,0
5,58.09,561,32,4,3,2023,0
0,21.47208136,161,129,2,8,2023,0
0,23.36440705,573,54,2,6,2022,0
5,58.09,561,33,3,3,2023,0
9,90.32723547116932,355,120,2,6,2022,0
3,14.770031370417271,637,123,4,3,2022,0
9,90.32986660812576,766,60,2,4,2022,0
9,90.32650035414544,375,119,2,6,2022,0
7,22.0,340,7,3,7,2022,0
0,23.36,709,35,2,7,2022,0
6,71.74020662351252,585,70,4,6,2022,0
1,9.73,492,101,3,6,2022,0
9,90.3254329565258,514,105,1,5,2022,0
0,23.36286199309896,572,55,2,5,2022,0
4,15.545635936432072,637,131,5,1,2022,0
8,52.22515503521242,537,31,3,5,2022,0
5,58.09,563,31,2,3,2023,0
0,23.36,712,34,3,7,2022,0
0,23.387604560575014,660,42,4,6,2022,0
7,53.13000142960783,562,19,4,4,2022,0
5,58.09,560,35,3,3,2023,0
1,9.729925632763146,650,63,1,1,2022,0
0,23.362741567192238,704,37,4,1,2022,0
3,14.543145766831925,30,78,3,7,2023,0
1,9.72982192785176,532,92,2,7,2022,0
9,90.41461104721341,754,85,2,3,2022,0
0,23.364083517993468,705,36,4,0,2022,0
2,19.39183983336774,174,13,1,4,2022,0
0,23.36440705,574,53,3,6,2022,0
7,22.0,331,15,1,4,2022,0
4,15.54,271,222,2,3,2022,0
4,15.54,119,73,2,4,2022,0
4,15.302270656874457,29,91,3,6,2022,0
4,15.54,126,70,3,4,2022,0
9,90.32888705713705,764,71,1,3,2022,0
4,16.029743469354877,346,634,2,1,2022,0
9,90.32940271337279,504,109,4,4,2022,0
9,90.32536555,753,87,3,8,2022,0
9,90.32536555,460,116,2,6,2022,0
4,15.49083296575794,110,79,2,4,2022,0
5,19.677232425293564,370,393,2,6,2022,0
1,9.729812461,484,113,3,6,2022,0
9,90.32536555,742,95,3,2,2022,0
0,23.36440705,575,53,1,8,2022,0
9,90.32536555,749,91,1,5,2022,0
9,90.32536555,758,12,3,2,2022,0
7,22.0,334,11,3,7,2022,0
3,17.04580199298461,194,4,1,6,2022,0
5,58.09,560,34,3,3,2023,0
9,90.32614847110305,440,116,3,5,2022,0
9,90.33,107,126,2,7,2022,0
7,22.0,331,15,1,4,2022,0
0,23.363548101350283,671,41,1,3,2022,0
0,11.374798571416923,576,74,1,3,2022,0
7,22.0,343,5,1,5,2022,0
4,15.547936662815943,56,89,3,3,2022,0
1,9.73,490,103,1,4,2022,0
9,90.3276669378291,775,241,2,6,2022,0
9,90.32856515031354,494,110,4,4,2022,0
0,23.36440705,575,53,2,8,2022,0
9,90.40901141741413,757,80,1,2,2022,0
4,15.55,632,132,3,3,2023,0
4,73.57401973412901,687,21,3,7,2022,0
9,90.3259514435455,281,122,1,7,2022,0
9,90.32963328709664,767,56,3,5,2022,0
4,15.55,639,131,4,3,2023,0
9,90.32871682438355,731,123,2,6,2022,0
0,23.367751948808277,670,41,1,3,2022,0
0,23.361109432131496,703,38,2,5,2022,0
0,23.363593856641646,572,55,2,5,2022,0
0,23.36440705,378,4,2,9,2022,0
4,15.55,632,132,3,3,2023,0
0,23.37938091940764,667,41,1,4,2022,0
1,9.73,531,96,3,7,2022,0
9,90.3270752618169,478,113,4,5,2022,0
4,15.546578283803726,632,132,3,1,2022,0
1,9.729952640952266,529,97,4,7,2022,0
1,10.700613063186742,39,6,2,6,2022,0
0,23.36440705,574,53,2,7,2022,0
9,90.3266940170117,270,123,1,7,2022,0
4,15.54,132,66,3,4,2022,0
3,22.661868433901304,319,47,1,6,2022,0
0,23.36440705,573,54,2,6,2022,0
0,23.4,662,42,2,3,2023,0
9,90.32536555,760,76,1,0,2022,0
4,15.55,633,132,1,3,2023,0
1,9.73,536,92,2,7,2022,0
1,22.992645133412637,330,51,3,5,2022,0
9,90.3282514954103,348,120,3,5,2022,0
5,58.09,561,32,4,4,2023,0
1,9.729812461,484,113,3,6,2022,0
0,23.36440705,575,53,2,8,2022,0
9,90.33,107,126,2,7,2022,0
5,58.09,561,32,1,3,2023,0
6,22.149365349941156,347,5,3,4,2022,0
1,9.73,626,74,2,3,2022,0
10,48.44,531,132,3,6,2022,0
4,15.54,102,82,1,4,2022,0
9,90.32768999455118,759,78,1,3,2022,0
4,22.040768346058417,273,340,1,3,2022,0
1,19.74716914698798,571,40,3,6,2022,0
1,9.73,531,96,4,7,2022,0
2,29.74766317649171,567,64,4,6,2022,0
4,15.18583998,30,89,3,7,2023,0
0,23.36440705,575,52,2,0,2022,0
9,90.32536555,770,17,3,9,2022,0
9,90.33,765,64,2,5,2022,0
9,90.39295074529225,759,78,1,1,2022,0
9,90.32536555,750,91,4,8,2022,0
4,15.18583998,30,89,3,7,2023,0
0,23.399460609951717,663,41,1,3,2022,0
2,12.021474172012814,629,98,3,1,2022,0
9,90.32890058429504,766,62,2,3,2022,0
0,11.117295101816103,659,60,1,2,2022,0
4,15.24150516718255,31,90,3,6,2023,0
0,23.361083948006875,140,26,2,1,2022,0
1,23.145172251520982,376,2,2,9,2022,0
0,23.36,304,80,1,5,2022,0
0,23.36440705,138,27,3,1,2022,0
9,90.32616904125871,474,114,2,5,2022,0
9,90.33,107,126,2,7,2022,0
0,23.36,702,38,1,7,2022,0
4,15.54,163,40,3,7,2022,0
7,21.997407054957797,331,14,1,7,2022,0
4,15.540045855244148,166,20,3,7,2022,0
9,53.13279037312956,523,131,3,6,2022,0
0,23.378567904444054,658,43,3,8,2022,0
0,23.398778817331014,661,43,2,4,2022,0
1,10.512748527297035,626,83,2,3,2022,0
7,22.0,335,10,4,4,2022,0
1,21.34647035185464,142,26,4,2,2022,0
0,23.393917606646404,640,46,4,3,2022,0
9,90.32846434357057,514,105,1,4,2022,0
1,9.729812461,487,110,1,6,2022,0
9,90.32536555,749,91,4,8,2022,0
9,90.33,284,122,4,7,2022,0
9,90.32536555,772,13,2,9,2022,0
4,15.54,164,30,3,7,2022,0
5,74.31255297244401,585,60,3,6,2023,0
7,66.12202990932661,107,111,2,6,2022,0
9,90.32733721390295,767,38,3,7,2022,0
9,90.3277180449195,771,33,2,6,2022,0
0,21.47208136,161,129,2,8,2023,0
1,9.729812461,484,113,1,7,2022,0
9,90.32536555,746,94,3,8,2022,0
9,90.32536555,773,12,4,2,2022,0
9,90.32536555,443,117,2,6,2022,0
8,78.7852125246424,106,119,1,6,2022,0
0,23.4,662,42,3,4,2023,0
4,15.54,151,61,3,5,2022,0
0,21.164659923206408,160,125,2,7,2022,0
1,9.729812461,483,114,3,6,2022,0
0,23.36440705,624,50,1,5,2022,0
0,23.273531330979388,330,61,3,5,2022,0
0,23.364362804242155,705,36,4,0,2022,0
2,22.921598770834375,311,60,1,4,2022,0
9,87.67567167475038,726,95,3,1,2022,0
9,90.32654566938247,273,123,2,7,2022,0
9,90.328523940291,265,124,1,7,2022,0
4,15.54,155,61,2,6,2022,0
0,23.361782040288205,703,37,2,4,2022,0
0,23.378863047542005,658,43,1,7,2022,0
4,15.54,138,64,4,4,2022,0
2,18.276198641594863,569,34,3,5,2022,0
4,15.54,158,61,2,6,2022,0
0,23.39322477631151,664,41,1,3,2022,0
0,23.36440705,385,1,4,10,2022,0
1,9.73,541,90,1,6,2022,0
0,23.36440705,575,52,1,0,2022,0
0,23.4,663,42,1,3,2023,0
4,15.54,161,53,2,7,2022,0
7,21.9958946559547,328,17,1,7,2022,0
9,90.32536555,410,118,2,6,2022,0
0,23.36440705,370,8,2,9,2022,0
9,90.32609858662555,467,115,4,5,2022,0
0,23.360615983852412,701,39,3,3,2022,0
9,90.32905117659345,767,52,3,5,2022,0
3,14.376528997322128,636,119,4,3,2022,0
9,90.32536555,745,95,2,8,2022,0
0,23.394153295667532,640,46,4,3,2022,0
5,80.32210121452837,692,20,3,7,2022,0
4,15.54,162,59,1,7,2022,0
9,90.32536555,742,96,3,3,2022,0
7,22.0,341,6,1,7,2022,0
1,31.58774564838953,653,48,3,0,2022,0
7,22.0,335,10,4,5,2022,0
9,90.32915003927226,391,119,2,3,2022,0
4,15.546751389730124,631,132,3,1,2022,0
9,90.33,309,121,4,5,2022,0
2,19.16019497688576,151,24,4,4,2022,0
9,90.32536555,760,12,3,2,2022,0
4,15.54,146,61,3,4,2022,0
5,18.785362866320273,472,417,2,6,2022,0
0,23.4,662,42,2,3,2023,0
9,90.3258309666189,471,115,1,5,2022,0
9,90.32714467467089,772,27,3,1,2022,0
7,22.0,343,5,2,5,2022,0
7,22.0,335,10,2,6,2022,0
0,23.36,701,39,2,5,2022,0
1,9.729812461,635,66,1,1,2022,0
0,23.36440705,574,53,2,7,2022,0
2,18.45296373420622,156,23,3,4,2022,0
5,58.09,561,33,2,3,2023,0
0,23.174383252189962,340,52,1,8,2022,0
9,90.34691761103456,749,91,3,6,2022,0
9,90.32536555,403,118,2,6,2022,0
0,23.362056060294606,140,26,2,1,2022,0
6,21.310614943585296,435,414,3,7,2022,0
3,17.19316980822417,375,675,2,1,2022,0
0,22.173902440489886,510,708,1,3,2022,0
4,15.55,567,25,3,4,2023,0
5,73.08640936039895,583,58,4,6,2023,0
9,90.32536555,382,119,2,7,2022,0
0,23.318655159642837,381,2,2,9,2022,0
0,23.36,306,80,1,5,2022,0
1,9.729857009260535,641,65,1,1,2022,0
0,23.36440705,383,2,2,10,2022,0
4,15.546579182512842,63,88,3,3,2022,0
9,90.32917162591563,502,109,4,4,2022,0
1,9.73,626,74,2,3,2022,0
1,9.72997120381634,486,111,4,4,2022,0
0,23.36056184890933,717,33,5,6,2022,0
0,23.362656185046134,705,36,4,2,2022,0
5,30.70027959334719,103,90,1,4,2022,0
9,90.41431347244395,754,85,2,3,2022,0
9,90.32893754587137,500,109,1,3,2022,0
0,23.361224046818464,140,26,2,1,2022,0
0,23.363173237018387,654,45,3,3,2022,0
9,90.32536555,763,72,1,0,2022,0
0,23.387757937778684,665,41,1,3,2022,0
1,9.73,510,99,4,5,2022,0
8,50.86986091845209,532,30,2,5,2022,0
0,23.36440705,384,1,3,10,2022,0
4,29.123822926920077,269,198,1,6,2022,0
4,15.54,109,80,2,4,2022,0
6,59.171872330558145,266,223,1,5,2022,0
1,9.73,489,106,1,5,2022,0
6,55.77658594545532,105,105,1,5,2022,0
9,90.32560986272674,277,122,1,7,2022,0
1,23.155173314461027,340,51,1,8,2022,0
7,60.68967140903998,574,77,4,5,2022,0
9,90.33,277,123,2,7,2022,0
0,18.06412122897425,573,64,1,4,2022,0
9,90.32544948074141,366,120,2,7,2022,0
1,9.729836442754241,631,71,3,1,2022,0
0,23.36,711,35,3,6,2022,0
7,53.893535221635865,562,22,4,4,2022,0
9,90.32536555,740,96,2,2,2022,0
0,23.39689997524709,661,43,2,4,2022,0
0,23.36129021397665,633,48,3,2,2022,0
0,23.36610156171657,656,44,1,9,2022,0
9,90.32536555,754,13,1,8,2022,0
0,23.36440705,571,55,2,6,2022,0
0,23.376965226852093,633,48,4,4,2022,0
6,55.546686873778576,551,31,1,4,2022,0
7,22.0,334,11,3,7,2022,0
4,15.54,158,61,3,6,2022,0
3,22.74685845489038,315,52,1,4,2022,0
9,90.32589034606154,471,115,2,5,2022,0
9,90.32543580270547,274,122,1,7,2022,0
1,9.729842673891765,632,70,2,1,2022,0
1,9.72997662088543,657,62,1,1,2022,0
0,23.363166324695303,634,47,4,4,2022,0
0,21.47208136,161,129,2,8,2023,0
9,90.33,365,120,3,3,2022,0
7,52.38419204506143,562,16,4,4,2022,0
9,90.32536555,769,19,3,9,2022,0
9,90.32974620992296,398,118,2,3,2022,0
0,23.362929818996204,574,53,2,1,2022,0
8,87.90433649334015,715,22,3,7,2022,0
1,9.729813329684962,531,93,2,7,2022,0
2,18.147963522624746,157,22,3,4,2022,0
6,66.25722395096275,579,74,4,5,2022,0
9,90.32785608305204,487,111,2,4,2022,0
0,23.36440705,575,53,1,8,2022,0
0,14.452222267322522,575,69,1,4,2022,0
1,9.73,489,107,1,5,2022,0
9,90.3287834626593,389,119,2,4,2022,0
3,22.747397703313464,364,3,2,7,2022,0
1,9.73,490,103,1,4,2022,0
9,90.32536555,751,89,2,4,2022,0
9,84.42551776110828,515,110,1,6,2022,0
1,9.729812461,483,114,2,6,2022,0
1,9.729812461,486,111,1,7,2022,0
9,90.33,513,105,1,3,2022,0
9,49.26173705469283,564,5,4,3,2022,0
0,23.36440705,368,9,2,9,2022,0
4,15.54580588350278,107,80,1,5,2022,0
7,22.0,334,11,3,5,2022,0
0,9.908292360020281,631,70,4,1,2022,0
0,23.36,312,75,2,5,2022,0
9,90.32536555,748,93,4,8,2022,0
4,15.200016613968918,32,89,4,6,2023,0
9,54.66679269559926,523,130,3,6,2022,0
0,23.376584964949082,668,41,2,3,2022,0
7,22.0,336,10,2,7,2022,0
0,23.335556649435308,140,25,2,1,2022,0
4,15.368719325006126,36,90,3,4,2023,0
9,90.32812483209352,770,38,3,2,2022,0
9,51.249833637801224,524,133,3,6,2022,0
1,9.729812461,484,114,3,6,2022,0
5,31.240895330789225,269,195,1,6,2022,0
3,16.144750249340696,160,67,2,7,2022,0
6,71.97185167414503,585,70,4,6,2022,0
1,23.104231379578064,339,50,1,8,2022,0
4,56.45773560649141,126,676,1,4,2022,0
9,90.32781222934624,735,116,2,6,2022,0
1,9.729894070258709,487,110,2,7,2022,0
9,90.329695476596,801,370,2,3,2022,0
4,15.54,330,374,1,3,2022,0
7,21.99800653542832,329,17,1,5,2022,0
1,9.729901656373281,628,73,3,1,2022,0
1,9.73,554,85,1,5,2022,0
4,15.541042885675163,272,302,1,4,2022,0
0,23.36440705,573,54,2,6,2022,0
9,90.33,793,350,2,4,2022,0
1,9.729812461,484,113,1,7,2022,0
4,21.40996467555592,251,401,1,3,2022,0
9,90.32561527519651,277,122,1,7,2022,0
2,13.377339779251837,633,110,1,3,2022,0
4,15.54,103,82,2,4,2022,0
1,20.578914566316136,146,26,4,3,2022,0
1,20.166304520084147,150,24,3,3,2022,0
1,9.729812461,483,114,3,6,2022,0
1,9.73,530,97,4,7,2022,0
9,80.34850066454,666,81,3,5,2022,0
9,90.32536555,772,13,3,5,2022,0
9,90.32987442497755,335,121,3,4,2022,0
3,17.28458082711258,568,31,2,4,2022,0
8,50.66987178707489,564,9,4,4,2022,0
1,9.729873993906759,488,109,1,6,2022,0
9,48.63020668932961,523,30,3,6,2022,0
9,90.32951751398222,400,118,2,3,2022,0
7,22.0,336,10,2,7,2022,0
0,23.36440705,138,28,1,1,2022,0
9,90.33,513,106,2,4,2022,0
7,22.0,330,16,1,4,2022,0
1,11.01688399377033,37,12,3,6,2023,0
6,55.74338835685527,562,24,5,4,2022,0
0,23.36440705,575,52,1,0,2022,0
0,23.36440705,574,54,3,5,2022,0
0,23.36440705,135,28,3,1,2022,0
9,90.36692463017069,755,85,1,2,2022,0
3,13.635959784536123,31,61,3,7,2023,0
0,23.36,655,45,1,11,2022,0
7,22.0,334,11,4,6,2022,0
9,90.32536555,768,20,3,9,2022,0
0,23.346667133898393,382,2,1,9,2022,0
0,10.895858115917303,626,72,1,3,2022,0
9,90.32632898845516,443,115,3,5,2022,0
9,90.32548851217224,273,123,1,7,2022,0
4,15.548185645649102,116,75,1,6,2022,0
0,23.383321662438785,634,48,4,4,2022,0
0,23.36440705,574,53,2,7,2022,0
4,15.18583998,29,89,3,7,2023,0
4,15.54,160,61,2,7,2022,0
4,15.540889494203455,270,218,2,4,2022,0
4,15.448122591627504,103,80,2,4,2022,0
0,23.36440705,573,54,2,6,2022,0
9,90.32536555,773,13,2,9,2022,0
4,15.55,630,132,2,3,2023,0
4,15.546241489078492,36,93,3,3,2022,0
5,69.8751984534665,578,53,3,5,2023,0
0,23.36440705,574,53,3,6,2022,0
9,90.32797879340704,760,78,1,3,2022,0
1,19.725286516663147,161,108,2,7,2022,0
0,23.36,309,79,2,5,2022,0
3,16.942309662076887,142,79,3,4,2022,0
4,15.54,101,82,1,4,2022,0
9,90.32536555,728,22,3,8,2022,0
7,22.0,332,14,2,4,2022,0
0,23.36440705,139,27,2,1,2022,0
4,15.258724693997122,34,89,4,6,2023,0
4,15.54,416,396,1,4,2022,0
1,9.729816674871612,531,93,2,7,2022,0
1,22.997821766679795,374,2,3,9,2022,0
9,90.32536555,463,116,3,6,2022,0
9,90.33,513,105,1,3,2022,0
7,22.0,333,12,4,4,2022,0
1,9.729838595698775,631,70,3,1,2022,0
3,16.51920726538249,160,72,2,7,2022,0
4,15.534475876006013,101,82,1,4,2022,0
4,15.54611107545387,637,131,5,1,2022,0
0,23.36,701,39,2,4,2022,0
9,90.32536555,762,11,1,8,2022,0
3,15.693712232466794,567,25,2,3,2022,0
9,90.32536555,755,84,1,1,2022,0
0,23.36,703,38,1,7,2022,0
7,22.0,337,9,5,5,2022,0
1,32.85601339681169,401,737,1,3,2022,0
7,22.0,336,10,4,7,2022,0
0,23.36440705,574,54,2,3,2022,0
0,22.028580904990317,480,741,2,2,2022,0
1,9.73,521,99,4,7,2022,0
0,23.4,662,42,3,4,2023,0
9,90.32536555,769,19,3,9,2022,0
4,15.540999813581518,103,81,1,4,2022,0
0,23.36,710,35,3,6,2022,0
0,23.385670744674893,632,48,2,4,2022,0
0,23.361760542170227,703,37,2,4,2022,0
5,40.591907110685554,108,95,3,5,2022,0
0,23.360772869993458,701,39,3,3,2022,0
9,90.32536555,763,74,1,0,2022,0
2,13.108455754778655,631,108,4,1,2022,0
0,23.37532554112998,668,41,1,4,2022,0
0,23.362286896273066,626,50,2,5,2022,0
4,15.54,163,59,1,7,2022,0
5,58.09,561,33,3,3,2023,0
2,17.58973161849651,160,21,4,5,2022,0
8,84.13748762587979,782,392,1,4,2022,0
2,17.89413397418976,161,87,1,7,2022,0
5,73.14906870409625,583,58,4,6,2023,0
0,23.362691404764135,337,60,2,7,2022,0
0,23.36,706,37,3,7,2022,0
0,23.36440705,574,53,2,7,2022,0
0,23.36440705,383,2,2,10,2022,0
1,9.729944278090574,485,112,4,4,2022,0
0,23.36440705,373,7,2,9,2022,0
3,22.71488052508421,336,38,1,6,2022,0
0,23.361482217990687,320,71,2,6,2022,0
5,57.48040698448392,560,34,4,4,2022,0
0,21.47208136,161,129,2,8,2023,0
4,15.26196326878051,111,74,2,6,2022,0
3,15.786510645501405,568,24,3,0,2022,0
1,9.73,490,103,2,4,2022,0
0,23.361784511805507,140,26,2,1,2022,0
4,15.55,639,131,1,3,2023,0
9,90.32766593455435,488,111,1,4,2022,0
7,54.19953349204798,563,20,5,4,2022,0
1,19.48931940559083,153,107,2,6,2022,0
3,14.116111933571652,33,69,3,7,2023,0
9,90.32950597572577,510,107,4,4,2022,0
0,23.36440705,574,53,2,7,2022,0
0,23.36440705,383,2,2,10,2022,0
1,9.73,490,103,2,4,2022,0
0,23.388909322075932,661,42,4,6,2022,0
4,15.54,413,393,1,4,2022,0
0,23.4,663,42,1,3,2023,0
0,33.2523922001051,699,35,1,7,2022,0
9,90.32629514707972,361,120,2,7,2022,0
0,23.36440705,367,10,2,9,2022,0
8,51.06620057426914,564,10,3,3,2022,0
9,90.32726460548592,759,75,1,3,2022,0
4,15.545272644646088,567,24,4,1,2022,0
9,90.32536555,429,117,2,6,2022,0
0,23.36,718,33,4,7,2022,0
1,9.73,493,100,4,6,2022,0
0,23.36,711,35,1,7,2022,0
5,58.09,562,33,3,4,2023,0
1,9.729812461,487,110,1,6,2022,0
9,90.32787696284558,763,73,1,2,2022,0
4,15.495002494692905,132,66,3,4,2022,0
4,15.54,162,59,1,7,2022,0
1,9.73,493,100,4,6,2022,0
1,9.72987645242619,632,68,1,1,2022,0
0,23.36135615256634,334,62,3,6,2022,0
9,90.32536555,753,87,1,2,2022,0
7,42.17942663721006,564,78,4,4,2022,0
4,15.546379356475208,567,24,3,2,2022,0
9,57.70646351782314,522,128,3,6,2022,0
1,9.73,576,77,1,3,2022,0
7,22.0,336,9,2,6,2022,0
8,87.38126877774944,794,391,1,4,2022,0
7,22.0,335,10,3,6,2022,0
9,49.16135373693882,564,5,4,3,2022,0
4,29.047362409881416,269,198,1,6,2022,0
7,22.0,339,7,2,7,2022,0
1,9.73,529,98,4,7,2022,0
9,90.32552287094046,468,115,1,5,2022,0
9,90.32536555,745,95,2,8,2022,0
2,17.865269237653347,389,684,2,1,2022,0
0,23.36,303,80,1,5,2022,0
0,23.360127547760644,701,39,3,3,2022,0
7,22.0,335,10,2,7,2022,0
7,53.016167190744525,541,30,2,5,2022,0
5,58.09,560,36,4,4,2023,0
0,23.36440705,139,27,3,1,2022,0
9,90.33,513,105,2,4,2022,0
9,90.34326688526576,753,87,3,8,2022,0
9,90.3298284899673,763,72,1,4,2022,0
4,15.55,634,131,1,3,2023,0
9,90.33,322,121,4,4,2022,0
4,71.45181172361654,687,22,2,7,2022,0
4,21.29532994984855,272,212,3,3,2022,0
4,15.54,146,62,4,4,2022,0
9,90.39443737009736,754,85,2,5,2022,0
5,22.37553015732042,333,28,1,5,2022,0
0,23.36440705,624,50,1,5,2022,0
9,90.32536555,773,12,4,2,2022,0
4,15.55,633,131,4,3,2023,0
3,17.177467144435703,161,20,4,5,2022,0
4,44.47258120047499,188,669,1,3,2022,0
7,22.0,331,15,1,4,2022,0
3,14.6534117903581,29,80,3,7,2023,0
0,18.12692939478829,656,52,3,0,2022,0
4,15.55,630,132,2,3,2023,0
7,22.0,336,9,3,7,2022,0
1,9.729812461,483,114,2,6,2022,0
4,17.130739237500453,274,355,1,3,2022,0
9,90.32536555,508,107,1,6,2022,0
9,90.32781688270079,771,35,2,6,2022,0
9,90.32536555,747,94,4,7,2022,0
9,90.32536555,752,88,1,3,2022,0
0,23.34824806585339,140,26,2,1,2022,0
6,34.863945623864296,541,114,2,5,2022,0
0,23.4,662,42,2,3,2023,0
5,19.400896121817546,364,392,3,5,2022,0
0,23.36229221414754,704,37,3,3,2022,0
0,23.362765447951677,705,36,4,2,2022,0
3,16.289357636276627,139,73,3,4,2022,0
0,23.36440705,574,53,2,5,2022,0
9,90.32536555,757,22,3,8,2022,0
1,20.09306376345145,513,618,2,3,2022,0
7,22.0,332,13,2,5,2022,0
9,90.3265817117024,765,66,1,1,2022,0
9,58.442374636234184,522,127,3,6,2022,0
1,9.729833179204702,532,92,2,7,2022,0
4,15.54,105,81,1,4,2022,0
9,90.32536555,774,10,3,2,2022,0
1,9.73,531,96,4,7,2022,0
8,50.69431479763163,532,30,3,6,2022,0
1,9.729812461,484,113,3,6,2022,0
0,23.39928504261066,663,41,2,3,2022,0
1,9.73,493,100,3,4,2022,0
4,15.546835441299907,638,131,5,2,2022,0
6,38.80278143598555,567,73,3,4,2022,0
4,15.302499631941547,35,89,4,5,2023,0
3,17.24974155772162,569,30,3,1,2022,0
4,15.549629825348568,567,24,3,3,2022,0
9,90.32536555,760,17,3,8,2022,0
4,15.50833419763287,138,63,4,4,2022,0
4,15.545691408184064,637,131,3,1,2022,0
4,15.54,160,60,1,7,2022,0
0,21.47208136,162,128,1,8,2023,0
9,90.32536555,463,116,3,6,2022,0
0,23.36,655,45,1,11,2022,0
0,23.36440705,574,53,3,6,2022,0
0,23.36436812969382,653,46,4,0,2022,0
1,9.729855908479205,487,110,2,7,2022,0
4,15.540149026240757,170,17,4,7,2022,0
9,90.32536555,758,12,1,8,2022,0
4,15.55,632,132,3,3,2023,0
1,19.549224156149094,152,23,2,3,2022,0
9,90.40586399111932,755,84,1,2,2022,0
9,90.32536555,770,17,3,9,2022,0
0,23.36440705,574,53,2,7,2022,0
9,90.326229588804,513,106,1,5,2022,0
1,9.729853797507412,487,110,2,7,2022,0
0,23.38599498963333,666,41,1,3,2022,0
9,90.32536555,755,85,1,1,2022,0
9,90.32550874231575,275,122,1,7,2022,0
9,90.32590413850544,744,99,4,7,2022,0
9,90.32570037843115,365,120,2,7,2022,0
9,90.32997640055866,767,59,2,5,2022,0
9,90.32536555,775,9,1,9,2022,0
0,23.36,705,37,1,7,2022,0
0,23.4,663,42,1,3,2023,0
4,15.54,107,80,2,4,2022,0
4,15.548461040936601,53,89,3,3,2022,0
0,23.36440705,573,54,1,6,2022,0
0,23.392011497948644,660,43,3,3,2022,0
9,90.32896272845498,761,75,1,4,2022,0
1,19.741506460156906,151,24,2,3,2022,0
1,9.72988880063756,533,92,2,7,2022,0
4,15.397084185047943,37,90,3,4,2023,0
1,9.73,492,101,3,6,2022,0
4,15.54,103,81,1,4,2022,0
0,23.373860539035856,656,45,3,1,2022,0
4,15.55,637,131,4,3,2023,0
0,22.4900099845754,490,748,2,2,2022,0
1,9.729991682926327,535,92,2,7,2022,0
0,22.28701613035884,573,49,3,7,2022,0
7,22.0,333,12,3,6,2022,0
7,64.54554773199243,264,157,1,5,2022,0
0,23.361979394024857,703,38,3,2,2022,0
1,9.729828774409967,532,92,2,7,2022,0
0,17.795313081206587,628,57,1,3,2022,0
7,62.45662581264904,105,109,1,5,2022,0
1,9.73,493,100,4,4,2022,0
2,40.51679666909187,146,128,3,7,2022,0
6,52.62785808390966,280,168,2,6,2022,0
4,15.18583998,29,89,3,7,2023,0
5,58.09,560,35,3,3,2023,0
8,51.4965529306849,564,12,5,4,2022,0
7,21.995937026771248,328,17,1,7,2022,0
5,22.198615176151208,328,24,1,7,2022,0
0,23.36,306,80,1,5,2022,0
0,23.36440705,575,53,1,8,2022,0
9,90.32725451574238,484,112,1,4,2022,0
7,22.0,337,9,2,6,2022,0
9,90.32838809561643,315,121,2,5,2022,0
1,9.729939615471235,534,92,2,7,2022,0
9,66.63148802821631,520,121,2,5,2022,0
1,9.729862539214759,483,114,2,5,2022,0
1,9.729977238389012,485,112,4,4,2022,0
5,22.27550061061458,330,26,1,4,2022,0
1,9.73,625,75,2,3,2022,0
9,90.3260580215056,473,114,1,5,2022,0
0,23.36440705,574,54,2,5,2022,0
4,15.289126153999344,108,75,2,6,2022,0
1,9.729843027357411,487,110,1,5,2022,0
0,23.4,662,42,1,3,2023,0
7,22.0,332,13,3,4,2022,0
0,23.36,703,38,2,7,2022,0
1,9.729953624725866,529,97,4,7,2022,0
4,15.54,156,61,2,6,2022,0
0,23.39575983888863,662,42,4,4,2022,0
0,21.61706954118646,573,57,1,5,2022,0
9,90.33,395,119,2,3,2022,0
0,23.36,703,38,1,7,2022,0
5,58.09,562,32,4,3,2023,0
5,67.25441319869398,125,127,2,7,2022,0
5,22.346689357643168,331,28,1,8,2022,0
0,23.4,663,42,1,3,2023,0
0,23.393520909391118,636,47,3,3,2022,0
1,9.73,489,108,1,6,2022,0
0,23.36223643567607,628,49,2,5,2022,0
0,23.36440705,573,54,3,6,2022,0
8,51.209917985137906,534,30,3,6,2022,0
7,22.0,334,11,3,5,2022,0
0,24.011898931349776,500,757,2,3,2022,0
1,9.729881510322956,631,69,1,1,2022,0
0,23.36440705,379,4,4,9,2022,0
2,18.40207540176104,516,545,1,4,2022,0
2,42.07049340715439,297,714,1,4,2022,0
0,23.36440705,574,53,2,6,2022,0
1,11.05376427386085,43,12,2,6,2022,0
0,23.39149427808236,661,42,4,5,2022,0
1,9.73,489,106,1,5,2022,0
4,17.111729596108496,269,372,1,3,2022,0
0,23.373674886641545,668,41,3,4,2022,0
9,90.32706814546736,441,117,2,4,2022,0
0,23.36440705,572,55,2,6,2022,0
0,11.127207592512958,659,60,2,2,2022,0
9,90.32536555,754,86,1,2,2022,0
1,9.729812461,484,114,3,6,2022,0
0,10.65444429869772,631,69,4,1,2022,0
1,19.68674099447568,160,109,3,7,2022,0
1,21.0779057332061,459,728,2,2,2022,0
1,9.729812461,484,113,3,6,2022,0
0,23.36184139567348,323,70,2,6,2022,0
5,17.772883430325894,487,419,2,6,2022,0
1,9.729812461,633,69,2,1,2022,0
1,9.729991421584721,535,92,2,7,2022,0
1,9.729836552858911,531,93,2,7,2022,0
0,23.002944864449532,569,57,3,7,2022,0
0,25.061914903850912,672,40,2,4,2022,0
7,22.0,337,9,4,4,2022,0
9,49.6953322172606,527,30,3,6,2022,0
1,9.729954664921502,486,111,4,4,2022,0
4,15.194547682824789,111,73,2,6,2022,0
0,23.062761394033274,624,51,1,5,2022,0
7,86.35445282648584,630,67,3,4,2022,0
1,19.538810251035514,425,707,2,2,2022,0
7,22.0,332,14,2,4,2022,0
1,20.88954820818628,572,44,3,6,2022,0
1,9.73,491,102,2,4,2022,0
4,15.443092374397152,104,80,2,4,2022,0
9,90.33,510,107,1,3,2022,0
4,15.541493219706256,269,217,1,4,2022,0
1,9.729915347328845,628,73,3,2,2022,0
0,23.36440705,381,3,4,9,2022,0
0,23.36820761805,670,41,2,3,2022,0
1,9.73,564,81,1,4,2022,0
0,23.36440705,378,4,2,9,2022,0
1,9.73,490,103,2,4,2022,0
4,22.435929004729182,335,28,1,5,2022,0
0,23.36440705,574,54,3,6,2022,0
9,90.3266319576149,514,105,1,5,2022,0
3,15.83148134647114,160,64,2,7,2022,0
1,9.729812461,632,70,3,1,2022,0
0,23.36,672,41,1,4,2022,0
9,90.32973869080122,261,124,1,7,2022,0
0,23.36440705,137,27,3,1,2022,0
0,23.36,708,36,2,7,2022,0
9,90.32536555,481,112,2,6,2022,0
1,9.729948573955166,488,109,1,6,2022,0
0,23.364336438693442,341,58,1,8,2022,0
0,23.36440705,574,53,1,7,2022,0
0,23.36440705,574,53,3,6,2022,0
0,20.107971928747343,162,112,1,7,2022,0
8,50.49646039384205,564,9,5,4,2022,0
0,10.154494759175867,576,76,1,2,2022,0
1,9.73,491,102,2,4,2022,0
9,90.32829208308632,766,63,2,3,2022,0
9,90.32536555,729,22,3,8,2022,0
